Area name,Area code,2011 to 2013,2012 to 2014,2013 to 2015,2014 to 2016,2015 to 2017,2016 to 2018,2017 to 2019,2018 to 2020,2019 to 2021,2020 to 2022,2021 to 2023,2022 to 2024,gap_2011_2013,gap_2022_2024,total_change,annual_change
Barking and Dagenham,E09000002,20.803801169590646,22.830532706619667,19.837866927592952,19.96731898238748,18.410759493670884,19.31878031878032,19.956644725137878,20.271845710165827,20.333625730994143,17.309868421052624,15.913664790494057,20.882748538011693,20.803801169590646,20.882748538011693,0.07894736842104777,0.007177033492822524
Barnet,E09000003,14.62592592592592,15.430873493975902,14.614197530864196,17.56089743589743,17.076638176638177,19.345991561181435,21.13800925102295,18.38347854676968,17.097863247863245,19.50744098528908,18.324999999999996,21.897222222222226,14.62592592592592,21.897222222222226,7.271296296296306,0.661026936026937
Barnsley,E08000038,23.407246376811596,22.715459882583175,22.696966731898236,21.277777777777782,20.842690058479537,20.408976207642397,21.509609609609612,21.832451465550065,23.152777777777786,24.7258642765685,26.044871794871796,23.745098039215684,23.407246376811596,23.745098039215684,0.3378516624040877,0.0307137874912807
Bath and North East Somerset,E06000022,14.814785066190687,14.868964747880412,15.285064739536281,16.53556024378809,16.5207063603688,16.166887928372958,16.217134918184627,17.06030389363722,16.58716205657133,16.206159308428525,17.06016144349477,17.95990259740259,14.814785066190687,17.95990259740259,3.145117531211902,0.28591977556471837
Bedford,E06000055,14.699159601368436,14.381207757860722,15.5280487804878,15.606402439024393,17.246474358974353,17.155769230769224,15.897638159925904,18.738326585695006,16.597720797720793,18.617071524966256,18.961538461538456,18.756962025316454,14.699159601368436,18.756962025316454,4.057802423948019,0.3688911294498199
Bexley,E09000004,16.41835522201376,17.70811688311688,16.45440900562852,16.40733708391935,17.269400352733683,16.426203877423397,15.958860759493675,15.13629518072289,15.476524390243902,17.16485489818823,17.553571428571423,20.544120263298346,16.41835522201376,20.544120263298346,4.125765041284588,0.3750695492076898
Birmingham,E08000025,20.377397260273973,21.59342723004694,20.767397660818716,19.497174447174437,19.94238975817923,20.54610670511896,20.427469358327333,19.52000702000702,18.98080388080388,18.868225918225917,21.840476190476195,21.05033358042995,20.377397260273973,21.05033358042995,0.6729363201559764,0.061176029105088764
Blackburn with Darwen,E06000008,21.66863342215455,21.876151503616295,21.36719219219219,20.018781542898342,20.46849315068493,19.701778093883355,19.339066339066335,19.18445068445068,20.360380116959064,20.987089201877936,21.51381804339551,23.828169014084505,21.66863342215455,23.828169014084505,2.1595355919299557,0.1963214174481778
Blackpool,E06000009,20.890845070422536,21.329577464788734,20.350000000000005,21.119204415683285,21.218462124095932,21.70115830115831,22.53821719277348,22.329461981338106,23.06977124183006,23.52840025225983,23.606485179735124,25.38021181716833,20.890845070422536,25.38021181716833,4.4893667467457945,0.4081242497041631
Bolton,E08000001,18.689743589743593,19.140909090909094,19.174242424242426,19.966856330014224,19.190909090909095,19.140909090909094,18.871794871794865,18.67051282051282,19.01593901593901,19.69989325742751,20.90555555555556,24.16246893123446,18.689743589743593,24.16246893123446,5.472725341490868,0.49752048559007894
"Bournemouth, Christchurch and Poole",E06000058,16.865384615384606,15.976782957702994,15.515548780487805,16.370589154555397,16.71737891737891,16.34400687607438,16.89582146248813,17.27147435897436,16.36198624785122,16.644634377967705,17.954605263157895,20.543417541362743,16.865384615384606,20.543417541362743,3.678032925978137,0.3343666296343761
Bracknell Forest,E06000036,15.306263173742849,14.893908969210173,14.983273836085083,15.450150602409636,14.865989885467798,15.855182926829265,15.819207317073172,16.757610564150646,15.343706714844927,16.63095014846069,17.4625,17.055063291139234,15.306263173742849,17.055063291139234,1.7488001173963852,0.15898182885421683
Bradford,E08000032,19.046103896103894,18.656410256410254,18.73205128205128,18.751282051282047,19.97513787582281,19.57974727974728,19.252380952380953,17.466948873910898,17.926149233844107,19.77812666785269,21.432159624413146,21.969699276741533,19.046103896103894,21.969699276741533,2.9235953806376394,0.2657813982397854
Brent,E09000005,18.833544303797467,17.231008497675163,18.099342105263155,17.83490259740259,19.06329113924051,16.62210756722952,17.015622032288697,17.263782051282043,19.568433818433817,22.096240601503762,14.795833333333334,17.859551656920075,18.833544303797467,17.859551656920075,-0.9739926468773916,-0.08854478607976288
Brighton and Hove,E06000043,16.997756410256404,18.324983344437044,18.680229419703103,18.241039307128577,18.34407061958694,16.113353649007657,16.585992402659066,15.410670731707313,17.013461538461534,17.34870129870129,19.8547034047034,19.558658008658007,16.997756410256404,19.558658008658007,2.5609015984016033,0.23280923621832758
"Bristol, City of",E06000023,17.326136363636365,17.448376623376625,19.016666666666666,19.91970866970867,18.975641025641025,18.93333333333333,18.22275149900066,19.039743589743587,17.681111293769515,18.537341772151898,20.172149083792924,20.662085137085136,17.326136363636365,20.662085137085136,3.33594877344877,0.30326807031352454
Bromley,E09000006,15.356927710843372,16.163970361222603,15.491114457831323,15.864634146341466,16.22811052794072,17.556285072951738,17.984902597402595,16.208474837912938,15.392168674698794,13.747058823529422,14.658906525573194,16.40663785118864,15.356927710843372,16.40663785118864,1.0497101403452689,0.09542819457684262
Buckinghamshire,E06000060,14.12619047619048,14.135714285714293,12.87591036414566,13.283380581148124,13.388944011339476,13.721772805507747,14.121835075493614,14.968570578610738,14.929094154395358,14.481569664902999,17.431089743589737,17.59711538461538,14.12619047619048,17.59711538461538,3.470924908424898,0.3155386280386271
Bury,E08000002,17.548339635048492,18.33056680161943,18.423616734143053,19.64212004212004,17.976789876789876,18.388663967611336,18.580431848852903,16.806730769230764,17.211525974025975,18.57564102564102,19.41460161460162,22.500983986108434,17.548339635048492,22.500983986108434,4.952644351059941,0.4502403955509038
Calderdale,E08000033,17.955229846768823,17.647953312510275,16.043772464447564,17.32126623376623,17.20422077922078,17.69275850731547,17.634662173269763,18.48002699055331,18.464135021097047,19.216597366597362,17.17646103896104,19.68955773955774,17.955229846768823,19.68955773955774,1.7343278927889152,0.15766617207171957
Cambridgeshire,E10000003,16.619221753398968,15.701829268292684,15.747256097560978,16.106776782957702,16.56918268479449,16.54416315049226,16.542600406313483,16.10401234567901,17.78522727272727,18.60579613590939,20.311512811512813,20.677833125778335,16.619221753398968,20.677833125778335,4.058611372379367,0.36896467021630613
Cambridgeshire and Peterborough,E47000008,17.27147435897436,16.370589154555397,16.49412408188779,16.938129154795817,17.312179487179485,17.258974358974356,17.257371794871794,17.233974358974358,18.896828609986503,19.238461538461543,20.83842826243691,21.427046783625734,17.27147435897436,21.427046783625734,4.155572424651375,0.37777931133194315
Camden,E09000007,21.66885964912281,20.082328482328478,20.929621063867636,19.54871794871795,19.136497890295356,18.71666666666667,19.076582278481013,20.205194805194807,20.064654264654266,20.111556023884788,18.979957805907173,23.848883666274975,21.66885964912281,23.848883666274975,2.180024017152167,0.19818400155928792
Central Bedfordshire,E06000056,16.430793874042813,16.50585247694952,17.438782051282047,16.551203313017652,15.664329268292683,15.65640243902439,15.784756097560972,13.951219512195124,16.0495832046928,17.165064102564095,17.675487012987006,21.552192982456138,16.430793874042813,21.552192982456138,5.121399108413325,0.46558173712848405
Cheshire East,E06000049,14.750364420645539,14.740123456790123,15.137865100873228,15.503048780487802,13.99221835075494,14.014169570267136,14.828000892458725,13.897793263646925,13.105811481218993,15.617378048780488,16.422190967338643,16.834651898734172,14.750364420645539,16.834651898734172,2.0842874780886333,0.1894806798262394
Cheshire West and Chester,E06000050,16.651756885090215,17.14166666666666,16.335403969370212,15.478048780487804,15.033815115928938,14.617060835936343,13.864866434378634,16.408899828098136,17.608116883116878,16.6869420702754,19.243589743589745,19.68333333333333,16.651756885090215,19.68333333333333,3.031576448243115,0.27559785893119226
Cornwall,E06000052,18.36235842771486,17.570616883116884,17.157371794871793,17.975020549071186,17.580681818181816,18.359860093271152,17.605681818181818,16.76443494776828,18.76821862348178,19.11282051282051,21.13304093567252,21.17192982456141,18.36235842771486,21.17192982456141,2.8095713968465503,0.25541558153150457
County Durham,E06000047,21.101073676416142,21.45315315315316,22.322969322786037,20.697945205479456,20.731278538812788,19.901920341394025,20.905847953216373,20.237563085796687,19.789615931721194,20.4203196347032,22.620058708414874,23.904738562091502,21.101073676416142,23.904738562091502,2.80366488567536,0.25487862597048727
Coventry,E08000026,17.18652597402598,18.164590273151227,17.30876623376623,18.52402159244265,17.76578990629623,18.93076923076923,18.944871794871787,18.423616734143053,18.68461538461538,19.900462551147484,21.102335063009637,20.29433621933622,17.18652597402598,20.29433621933622,3.1078102453102403,0.2825282041191128
Croydon,E09000008,18.349866755496336,18.437108594270484,18.032894736842103,18.86693657219973,20.52136630492795,18.946624472573838,17.712987012987007,17.533116883116882,18.28840772818121,17.93881578947368,19.62137907137907,15.268222891566268,18.349866755496336,15.268222891566268,-3.0816438639300685,-0.2801494421754608
Cumberland,E06000063,18.464237516869098,18.49412955465587,17.67946736807496,18.16129247168554,17.735919776426105,16.875641025641016,19.05128205128205,18.9025641025641,18.762820512820515,18.564102564102562,20.66278538812785,19.873897581792324,18.464237516869098,19.873897581792324,1.4096600649232265,0.1281509149930206
Darlington,E06000005,17.266147354754942,17.666176228834455,18.018387741505656,18.07654896735509,18.074050632911387,17.662888377445338,18.797435897435896,18.25499325236167,19.016233766233768,19.777382645803698,21.963989341454138,21.16111111111112,17.266147354754942,21.16111111111112,3.8949637563561765,0.3540876142141979
Derby,E06000015,20.45634462869502,20.5379956741168,20.480245133381395,20.893713450292402,20.068306351183065,20.10173456680306,20.564167267483782,20.835380116959065,21.383802816901415,22.98341274568196,23.024369664482826,22.43648648648649,20.45634462869502,22.43648648648649,1.9801418577914696,0.18001289616286087
Derbyshire,E10000007,18.717476383265854,18.368154563624245,17.89034193654447,17.42613636363636,18.291705529646897,18.32328447701532,19.1525641025641,18.607172995780587,18.92820512820512,18.072351765489675,19.34698544698545,20.740987743330933,18.717476383265854,20.740987743330933,2.023511360065079,0.18395557818773448
Devon,E10000008,15.27048192771084,16.038607594936707,15.589024390243907,14.751851851851853,14.79281570727354,14.836754425107834,14.879205711735828,15.282981927710843,15.321002710027102,16.13567459092313,18.27499999999999,18.57171885409727,15.27048192771084,18.57171885409727,3.30123692638643,0.3001124478533118
Devon and Torbay,E47000015,15.618902439024396,16.92877492877492,16.45033598999843,15.5625,15.642378048780486,15.665853658536584,15.243222891566262,15.631402439024392,15.707926829268288,16.482395686826067,18.177631578947363,19.02658227848101,15.618902439024396,19.02658227848101,3.4076798394566126,0.3097890763142375
Doncaster,E08000017,21.008333333333333,21.008333333333333,19.142640692640686,19.142640692640686,18.71282051282051,21.225,21.57987987987989,21.73033878949372,22.15965250965251,20.553508771929828,21.850019033117633,23.74918300653595,21.008333333333333,23.74918300653595,2.740849673202618,0.2491681521093289
Dorset,E06000059,16.595764963275506,16.246032726150048,15.75030487804878,15.773780487804878,16.595764963275506,17.420192307692304,18.36644736842105,17.445192307692302,16.65205500859509,16.992165242165242,19.109704641350206,17.456044572711235,16.595764963275506,17.456044572711235,0.8602796094357288,0.07820723722142989
Dudley,E08000027,19.176923076923078,19.04871794871795,19.469958419958424,19.884573534573533,19.807265707265707,19.751930501930502,19.05128205128205,18.569703103913625,19.03205128205128,20.194200320227715,20.272433730652914,21.439399555226096,19.176923076923078,21.439399555226096,2.262476478303018,0.2056796798457289
Ealing,E09000009,20.089259389259386,19.741129591129592,19.83613998613999,20.236837486837487,20.329080379080384,19.053164556962024,20.72193559864793,19.182051282051283,17.16384479717813,16.377579737335836,16.452814258911822,19.860637560637553,20.089259389259386,19.860637560637553,-0.2286218286218329,-0.02078380260198481
East Midlands,E12000004,18.285909393737505,18.238540972684874,18.290906062624916,18.23604263824117,18.736919831223627,18.191172551632235,19.09102564102564,18.65042194092827,18.92820512820512,19.396223146223143,20.153655933107984,21.430555555555564,18.285909393737505,21.430555555555564,3.1446461618180592,0.28587692380164176
East Midlands (Combined Authority),E47000013,19.006410256410255,18.95641025641025,19.39545454545454,19.445460845460843,19.39275814275814,19.856475956475954,19.82397332397332,19.794103194103194,20.127343888987724,20.16859099804305,20.976315789473684,21.82511737089202,19.006410256410255,21.82511737089202,2.8187071144817644,0.25624610131652403
East Riding of Yorkshire,E06000011,16.305696202531635,17.24326923076923,18.08299358868979,17.958441558441557,17.59074675324675,17.301282051282044,16.865384615384606,15.501524390243908,16.82545109211776,19.169230769230765,19.976816426816427,22.604111153406926,16.305696202531635,22.604111153406926,6.298414950875291,0.5725831773522991
East Sussex,E10000011,17.265384615384612,17.210576923076925,16.35025785278949,17.692857142857143,17.59318181818181,18.006534604635867,19.36410256410256,18.4338107928048,18.036404734505993,19.97418392418392,19.596536796536792,22.6330985915493,17.265384615384612,22.6330985915493,5.367713976164687,0.4879739978331534
East of England,E12000006,16.35729801531489,16.408899828098136,16.380754805438343,16.860636277302945,17.27147435897436,17.246474358974353,17.20416666666666,17.274679487179483,17.17916666666666,18.059699161597894,18.339073950699532,19.677789327789327,16.35729801531489,19.677789327789327,3.320491312474438,0.30186284658858525
Enfield,E09000010,17.685551948051938,15.20798192771084,15.222740963855415,17.667857142857137,16.86301044634377,19.92051282051282,20.314145314145314,20.994484498918524,19.198717948717945,19.733957033957036,20.643702188222733,22.00555555555556,17.685551948051938,22.00555555555556,4.320003607503622,0.39272760068214746
England,E92000001,17.418506493506495,17.443506493506494,17.48831168831169,17.470941558441552,17.470941558441552,17.48587662337662,17.913636363636364,17.44594155844156,17.847180667433832,18.19616922051965,18.989743589743586,19.864373464373465,17.418506493506495,19.864373464373465,2.4458669708669696,0.22235154280608815
Essex,E10000012,16.29396780746991,15.514024390243904,16.848907882241214,16.71737891737891,17.230769230769226,17.230769230769226,16.811348528015195,16.768987341772146,16.76443494776828,17.16826923076923,18.368154563624245,19.804469854469854,16.29396780746991,19.804469854469854,3.5105020469999424,0.3191365497272675
Gateshead,E08000037,21.42552552552553,21.025000000000002,21.949276741530262,19.889687055476536,20.3246214852199,20.337707281903395,20.678654970760235,21.08333333333334,22.647358121330733,23.730414370279654,22.46917808219179,21.022222222222226,21.42552552552553,21.022222222222226,-0.40330330330330355,-0.036663936663936685
Gloucestershire,E10000013,17.608116883116878,16.79724596391263,15.5625,15.573475609756095,15.59390243902439,14.860211215231296,15.24096385542169,15.607926829268294,15.184025895814514,15.523475609756098,18.004605263157895,18.437108594270484,17.608116883116878,18.437108594270484,0.8289917111536056,0.07536288283214597
Greater Lincolnshire,E47000017,17.021153846153847,17.376136363636366,18.705060728744936,20.009319059319054,19.001282051282047,18.989743589743586,19.7466654966655,20.227628535847714,20.197758405977584,19.350450450450445,21.018859649122806,22.092672249714507,17.021153846153847,22.092672249714507,5.07151840356066,0.46104712759642363
Greater Manchester,E47000001,19.09437229437229,19.494541944541947,19.529677079677086,19.46203931203931,19.577114777114783,19.204112554112555,18.74358974358974,18.746153846153852,18.592307692307685,19.364531414531417,20.100432588320118,21.83816140083746,19.09437229437229,21.83816140083746,2.7437891064651687,0.24943537331501534
Greenwich,E09000011,18.543881856540082,18.540506329113917,18.159593604263822,19.421861471861476,18.953846153846158,19.537006237006235,18.637130801687764,17.734275850731542,19.61928746928747,21.192438843587844,20.590223665223668,23.193693693693696,18.543881856540082,23.193693693693696,4.649811837153614,0.42271016701396485
Hackney,E09000012,21.328873239436625,20.58881673881674,20.086799501868,19.389050589050587,19.417255717255717,19.477130977130976,19.42072072072072,18.974358974358974,16.369990503323834,16.27982261640798,18.823811152925074,21.392031134173468,21.328873239436625,21.392031134173468,0.06315789473684319,0.005741626794258472
Halton,E06000006,20.07653208363374,19.701778093883355,19.870341394025605,19.768492176386914,19.701778093883355,20.21906993511175,19.930332681017614,19.441839241839244,20.997222222222227,20.089617880317235,22.067123287671233,22.601565557729945,20.07653208363374,22.601565557729945,2.5250334740962046,0.2295484976451095
Hammersmith and Fulham,E09000013,18.32083333333333,17.923026315789468,17.99539473684211,17.65292207792207,17.98618421052631,17.587979207277456,16.441838649155727,15.694844087681389,14.166490299823636,14.096119929453266,13.866412490922293,15.6978725026689,18.32083333333333,15.6978725026689,-2.6229608306644288,-0.23845098460585715
Hampshire,E10000014,16.09228395061728,15.307768744354107,15.318744354110208,14.978811542466154,15.346686746987949,15.762804878048776,16.619221753398968,15.734756097560975,17.448397435897434,18.71462358427715,18.224124609567646,18.25563866513233,16.09228395061728,18.25563866513233,2.1633547145150516,0.19666861041045924
Haringey,E09000014,20.543417541362743,18.92341772151898,18.89345991561181,17.710227272727266,16.502970606629148,17.429381112714438,17.74285714285714,16.315072667604305,14.15255731922398,17.10410453743787,18.960126582278477,24.475624496373896,20.543417541362743,24.475624496373896,3.9322069550111536,0.3574733595464685
Harrow,E09000015,17.19169040835707,16.85253283302064,14.680158730158723,16.794358493514608,16.39566224143254,15.202796370667862,20.68397683397683,19.332793522267202,18.59250499666888,18.246710526315788,19.630769230769225,20.9893613236079,17.19169040835707,20.9893613236079,3.79767091525083,0.34524281047734817
Hartlepool,E06000001,23.186904761904767,23.66473429951691,22.6288649706458,21.805881233346028,21.674343357441956,20.866666666666667,22.18880308880309,21.61307575180815,22.214090019569475,22.532936507936512,24.54754797441364,27.230597014925372,23.186904761904767,27.230597014925372,4.043692253020605,0.36760838663823686
Havering,E09000016,16.382301438399004,16.440306441525955,16.031661006483482,17.787662337662333,16.848907882241214,17.22780182780182,17.712987012987007,17.165064102564095,18.325782811459028,16.939818823152155,20.52918519836328,19.029746835443035,16.382301438399004,19.029746835443035,2.647445397044031,0.24067685427673008
"Herefordshire, County of",E06000019,14.716666666666669,14.81329763498438,14.041289198606272,13.845818815331015,14.776796073181615,15.564024390243908,16.400296921393966,15.543597560975606,15.537500000000001,17.149358974358975,18.064473684210522,19.625086625086624,14.716666666666669,19.625086625086624,4.908419958419955,0.4462199962199959
Hertfordshire,E10000015,15.257981927710844,15.701829268292684,15.653353658536581,15.709756097560977,15.617378048780488,15.618902439024396,16.557454289732767,15.69237804878049,15.74878048780488,15.728353658536584,16.992165242165242,17.4528379028379,15.257981927710844,17.4528379028379,2.194855975127055,0.19953236137518682
Hillingdon,E09000017,17.212866762866753,18.117763157894736,17.625811688311686,19.373076923076926,19.258974358974356,18.84008438818565,21.226608187134502,17.96337333552523,18.750421940928266,19.14141293191926,15.610934878755529,17.216073432740096,17.212866762866753,17.216073432740096,0.00320666987334306,0.00029151544303118726
Hounslow,E09000018,17.144604777938106,17.94473684210526,19.29570646595963,20.224534924534925,20.57328767123288,20.618092866038072,21.469590643274856,19.073076923076922,16.69867046533713,16.25378361475922,19.695356895356895,23.198841698841704,17.144604777938106,23.198841698841704,6.054236920903598,0.5503851746275998
Hull and East Yorkshire,E47000016,18.978205128205126,18.866666666666664,19.799368199368203,19.704492804492798,18.833333333333332,18.46761133603239,18.11392405063291,18.49581646423752,18.807692307692303,21.673004694835686,21.66760563380283,23.26750049632718,18.978205128205126,23.26750049632718,4.289295368122055,0.38993594255655045
Isle of Wight,E06000046,19.236978810663018,18.901889338731444,18.785695006747645,18.826315789473686,19.238461538461543,20.015789473684215,20.002281502281505,17.961729409830674,19.498917748917755,18.30419720186542,20.68323720259553,22.947549681651555,19.236978810663018,22.947549681651555,3.710570870988537,0.33732462463532153
Islington,E09000019,20.587409812409817,18.673839662447254,19.325710325710325,19.04230769230769,20.312978117772637,18.663713080168776,18.59388185654008,16.52260208926875,13.302439024390246,16.120544090056285,20.224070450097848,20.799603174603178,20.587409812409817,20.799603174603178,0.2121933621933607,0.019290305653941884
Kensington and Chelsea,E09000020,16.373711021920343,15.592319277108437,16.916791744840523,18.96555629580279,19.675641025641024,19.416033755274263,19.34282700421941,18.906595602931375,17.1377967711301,15.546292947558769,16.02427177062681,17.776006092672752,16.373711021920343,17.776006092672752,1.402295070752409,0.1274813700684008
Kent,E10000016,17.16987179487179,17.14166666666666,17.1025641025641,17.15096153846153,17.620616883116885,18.033116883116882,17.555681818181817,17.072756410256403,17.065064102564094,16.59297245963912,18.259327115256497,18.90357624831309,17.16987179487179,18.90357624831309,1.7337044534413018,0.15760949576739106
"Kingston upon Hull, City of",E06000010,21.531385610963078,22.561643835616444,22.036679536679536,22.500293542074367,21.231690140845068,20.70277777777778,19.944808940158616,21.962548262548264,21.76756756756757,23.562603648424542,23.40539215686275,25.10735930735931,21.531385610963078,25.10735930735931,3.5759736963962325,0.32508851785420295
Kingston upon Thames,E09000021,16.956837606837603,14.489594356261023,15.405873493975903,14.92314442957013,16.201528249459713,15.304668674698789,15.329668674698794,14.112311265969803,14.94660121969359,13.755882352941185,13.687661406025827,16.791400875547218,16.956837606837603,16.791400875547218,-0.1654367312903844,-0.015039702844580399
Kirklees,E08000034,18.100632911392402,19.81693576693577,19.297186147186146,19.701860301860304,19.322245322245315,19.677255177255176,18.93333333333333,18.885897435897434,19.584152334152336,20.00500800569294,21.23611111111111,21.999124476589266,18.100632911392402,21.999124476589266,3.8984915651968635,0.3544083241088058
Knowsley,E08000011,20.81111111111111,19.994881038211968,20.41849315068493,19.976387887527032,20.06614996395097,19.65263157894737,19.37420147420147,18.265384615384612,18.931467181467184,22.62274171133612,23.416666666666664,24.796055437100218,20.81111111111111,24.796055437100218,3.984944325989108,0.36226766599900984
Lambeth,E09000022,17.73815789473684,19.463028413028415,17.719078947368416,18.087341772151902,17.02732082732082,18.760337552742616,19.688184338184342,18.988461538461536,16.520227920227917,16.98251563251563,17.127561327561327,17.11903960237293,17.73815789473684,17.11903960237293,-0.6191182923639111,-0.056283481123991924
Lancashire,E10000017,18.042471685542964,18.055762824783475,17.608079894788755,17.29383116883117,16.808333333333334,16.820833333333333,18.138007994670218,17.211525974025975,17.14172077922078,18.72948717948718,18.782051282051277,20.514527757750542,18.042471685542964,20.514527757750542,2.472056072207579,0.22473237020068898
Lancashire (Combined Authority),E47000018,18.767948717948716,18.782051282051277,18.30404858299595,17.98431045969354,18.02918054630246,18.042471685542964,18.883333333333333,17.878780812791472,18.31772151898734,19.379466479466483,19.434801684801684,21.138888888888886,18.767948717948716,21.138888888888886,2.3709401709401696,0.21554001554001542
Leeds,E08000035,18.793589743589738,19.787065637065638,18.143004663557623,18.145502998001334,17.318831168831164,17.326136363636365,17.749210915666612,17.634662173269763,19.686925236925234,17.646710526315786,18.810256410256407,19.719427869427868,18.793589743589738,19.719427869427868,0.9258381258381299,0.0841671023489209
Leicester,E06000016,21.94642177388657,21.457981220657278,20.343114635904833,19.52177957177957,19.960202810887747,20.70540935672515,20.385075702956026,19.930332681017614,20.913888888888884,20.275292397660817,22.02509652509653,21.457981220657278,21.94642177388657,21.457981220657278,-0.48844055322929236,-0.0444036866572084
Leicestershire,E10000018,17.27307692307692,16.90056980056979,17.35288461538461,16.0692188947206,16.066903365236186,17.807792207792204,17.765422077922075,17.76785714285714,18.486975349766823,17.573376623376625,19.275641025641026,21.065320836337417,17.27307692307692,21.065320836337417,3.7922439132604957,0.3447494466600451
Lewisham,E09000023,15.767042297005247,18.633755274261603,20.339290161892897,18.227748167888073,17.888815789473686,18.366666666666664,18.670464135021096,17.353571428571424,17.28133116883117,17.269493177387908,23.003329416372893,23.293341167254205,15.767042297005247,23.293341167254205,7.526298870248958,0.6842089882044508
Lincolnshire,E10000019,16.158704485075788,17.580681818181816,17.8754068716094,19.093589743589746,19.1525641025641,18.177881412391734,19.50880110880111,19.017948717948716,18.992307692307694,18.106429047301802,20.209135385162785,21.73427230046949,16.158704485075788,21.73427230046949,5.575567815393704,0.5068698013994276
Liverpool,E08000012,20.81111111111111,20.900000000000006,20.77777777777778,20.880555555555556,19.222218322218325,19.219585819585816,19.677842020992706,19.992177361211244,19.78377793799567,19.683633741888972,22.322113502935427,21.898755546980517,20.81111111111111,21.898755546980517,1.0876444358694073,0.09887676689721885
Liverpool City Region,E47000004,19.46730431730431,19.38209898209898,19.434801684801684,19.81941678520626,19.447104247104246,18.67051282051282,18.68205128205128,18.19520917678812,18.452564102564097,20.110814708002884,21.305105105105106,21.759326227636087,19.46730431730431,21.759326227636087,2.2920219103317763,0.20836562821197965
London,E12000007,17.99539473684211,18.09276315789474,17.615746753246746,18.099572579319414,17.618181818181817,18.177631578947363,18.57171885409727,17.615422077922076,17.160638127304793,17.094484527817862,18.09276315789474,19.92051282051282,17.99539473684211,19.92051282051282,1.9251180836707107,0.17501073487915553
Luton,E06000032,21.330555555555556,20.47754145638068,19.32705627705628,18.833333333333332,18.48171390013495,19.27077922077922,20.50641672674838,19.57974727974728,17.870486342438376,18.70641025641026,20.862134502923986,24.805679933665008,21.330555555555556,24.805679933665008,3.4751243781094523,0.3159203980099502
Manchester,E08000003,20.738888888888887,21.37657023220404,20.993318318318323,21.31815759421393,20.22237442922374,19.992177361211244,20.108111031002164,17.603764157228518,18.569092169092173,20.161111111111115,19.42109055328233,20.66944444444445,20.738888888888887,20.66944444444445,-0.06944444444443576,-0.006313131313130524
Medway,E06000035,18.96666666666666,19.39545454545454,19.641228070175437,18.86923076923077,18.079846768820786,17.737563702120664,17.86047180667434,17.326136363636365,19.24437229437229,19.541979641979637,21.18611111111111,20.966210045662102,18.96666666666666,20.966210045662102,1.9995433789954404,0.1817766708177673
Merton,E09000024,16.00739425748688,18.199342105263156,18.186842105263153,17.810227272727268,17.735551948051942,18.309210526315788,16.163970361222603,14.80603153354157,12.762636592883162,12.721672737461475,15.819673631233798,20.766740793453124,16.00739425748688,20.766740793453124,4.759346535966245,0.4326678669060222
Middlesbrough,E06000002,20.490639269406394,19.104510354510353,18.653679653679653,19.522759601706966,19.966005767844266,19.950216294160054,19.495765877957655,18.387179487179484,20.190867579908677,21.669120200655996,22.89396135265701,24.35550767290309,20.490639269406394,24.35550767290309,3.864868403496697,0.35135167304515424
Milton Keynes,E06000042,17.00865384615384,17.0900641025641,16.175121112673857,14.542399226535771,15.860080271688794,16.64161392405063,17.916924215025478,17.8754068716094,17.893629787933587,19.034615384615385,19.53160173160173,20.404054054054058,17.00865384615384,20.404054054054058,3.3954002079002166,0.308672746172747
"NHS Bath and North East Somerset, Swindon and Wiltshire Integrated Care Board",E54000040,15.55792682926829,16.060558814448903,16.447210501640875,16.40733708391935,16.109092312442115,16.557454289732767,17.06728395061728,16.982811016144346,17.38429487179487,16.874738841405502,18.246710526315788,19.569230769230764,15.55792682926829,19.569230769230764,4.011303939962474,0.36466399454204307
"NHS Bedfordshire, Luton and Milton Keynes Integrated Care Board",E54000024,17.007051282051282,17.14166666666666,17.138461538461534,16.305696202531635,16.77616334283001,17.155769230769224,17.598051948051943,17.518181818181816,17.021153846153847,18.214457028647566,19.11282051282051,21.297076023391813,17.007051282051282,21.297076023391813,4.290024741340531,0.39000224921277554
NHS Birmingham and Solihull Integrated Care Board,E54000055,19.662320112320113,20.45634462869502,19.57974727974728,18.798717948717947,19.19437229437229,19.789698139698142,19.757195507195505,18.848717948717944,18.779487179487177,19.170824670824672,21.143180133432175,20.800146198830408,19.662320112320113,20.800146198830408,1.1378260865102945,0.1034387351372995
NHS Black Country Integrated Care Board,E54000062,20.440555155010816,20.893713450292402,20.79897660818714,21.277777777777782,21.22777777777778,21.20277777777778,20.474837779379957,19.11277056277056,19.474341874341878,20.685964912280706,22.2942084942085,23.657050765511677,20.440555155010816,23.657050765511677,3.2164956105008606,0.2924086918637146
"NHS Bristol, North Somerset and South Gloucestershire Integrated Care Board",E54000039,16.787891737891734,16.382317549617127,17.56423239208049,18.087925365773458,17.608116883116878,17.583116883116883,17.269400352733683,17.635551948051944,17.249679487179485,17.535876623376623,18.720253164556965,19.63548163548164,16.787891737891734,19.63548163548164,2.8475898975899057,0.2588718088718096
"NHS Buckinghamshire, Oxfordshire and Berkshire West Integrated Care Board",E54000044,14.433147223038503,14.083739837398376,13.261162296243803,14.110859465737517,13.237845499645644,13.712966150315552,14.0918118466899,14.080836236933806,14.50850719952983,14.924631860776437,15.725304878048782,17.56891025641025,14.433147223038503,17.56891025641025,3.1357630333717452,0.28506936667015864
NHS Cambridgeshire and Peterborough Integrated Care Board,E54000056,17.285576923076924,16.395608688857628,16.49412408188779,16.949857549857548,17.324679487179488,17.258974358974356,17.257371794871794,17.26057692307692,18.92672064777328,19.269230769230763,20.872710886806058,21.462280701754384,17.285576923076924,21.462280701754384,4.17670377867746,0.37970034351613274
NHS Cheshire and Merseyside Integrated Care Board,E54000008,18.48171390013495,18.46592442645074,18.543184885290145,18.464237516869098,17.606435969094196,17.28133116883117,17.291396103896098,17.2663961038961,17.576565839224067,18.79102564102564,20.003769559032715,20.461751982696466,18.48171390013495,20.461751982696466,1.9800380825615171,0.180003462051047
NHS Cornwall and the Isles of Scilly Integrated Care Board,E54000036,18.391439040639575,17.570616883116884,17.157371794871793,17.989955614006245,17.580681818181816,18.359860093271152,17.605681818181818,16.76443494776828,18.76821862348178,19.11282051282051,21.13304093567252,21.17192982456141,18.391439040639575,21.17192982456141,2.7804907839218345,0.2527718894474395
NHS Coventry and Warwickshire Integrated Care Board,E54000018,15.833497993207779,15.877400432232172,15.514024390243904,16.750332383665715,16.23688857634005,17.072756410256403,17.513311688311692,17.891985862239025,17.346266233766233,18.958974358974356,20.25394057996798,19.51943866943867,15.833497993207779,19.51943866943867,3.685940676230892,0.3350855160209902
NHS Derby and Derbyshire Integrated Care Board,E54000058,19.037179487179486,18.6837552742616,18.676855600539806,18.164590273151227,18.64704641350211,18.663713080168776,18.982051282051284,18.90897435897436,19.716795366795367,19.251975051975048,20.582660418168715,21.066228070175438,19.037179487179486,21.066228070175438,2.0290485829959515,0.18445896209054105
NHS Devon Integrated Care Board,E54000037,16.77378917378917,17.620616883116885,17.67272727272727,17.248076923076923,16.837179487179483,16.39404594467885,15.94788514973758,16.458938896702605,16.413588060634474,17.648051948051943,19.83613998613999,20.60671588685287,16.77378917378917,20.60671588685287,3.832926713063703,0.34844788300579116
NHS Dorset Integrated Care Board,E54000041,16.470667291764336,16.11140784192652,15.632926829268293,16.59732770745429,16.926400759734086,16.8912155745489,17.890097402597398,17.365384615384606,16.513666197843406,16.82545109211776,18.511059293804134,19.02658227848101,16.470667291764336,19.02658227848101,2.5559149867166724,0.23235590788333385
NHS Frimley Integrated Care Board,E54000034,15.679878048780488,15.715853658536581,15.285064739536281,14.835266993901534,15.767682926829266,15.249879554351097,16.66926082200343,15.700304878048776,16.575433661509607,16.848907882241214,17.787662337662333,17.852271989613754,15.679878048780488,17.852271989613754,2.172393940833267,0.19749035825756972
NHS Gloucestershire Integrated Care Board,E54000043,17.608116883116878,16.79724596391263,15.5625,15.573475609756095,15.59390243902439,14.860211215231296,15.24096385542169,15.607926829268294,15.184025895814514,15.523475609756098,18.004605263157895,18.437108594270484,17.608116883116878,18.437108594270484,0.8289917111536056,0.07536288283214597
NHS Greater Manchester Integrated Care Board,E54000057,19.09437229437229,19.494541944541947,19.529677079677086,19.46203931203931,19.577114777114783,19.204112554112555,18.74358974358974,18.746153846153852,18.592307692307685,19.364531414531417,20.100432588320118,21.83816140083746,19.09437229437229,21.83816140083746,2.7437891064651687,0.24943537331501534
NHS Hampshire and Isle of Wight Integrated Care Board,E54000042,16.794778481012656,16.485521175183614,16.473792780121883,16.08714109292992,16.44408501328332,16.886234177215186,17.285576923076924,16.419065478981082,17.674618630314832,18.471185876082615,19.347435897435894,19.77640692640693,16.794778481012656,19.77640692640693,2.981628445394275,0.27105713139947957
NHS Herefordshire and Worcestershire Integrated Care Board,E54000019,15.123795180722894,14.323280423280423,14.794303138479847,14.772333779562693,14.721128960285583,15.609451219512195,16.458938896702605,16.43548210657915,15.901667181228774,17.466071428571425,17.9796052631579,18.84008438818565,15.123795180722894,18.84008438818565,3.716289207462758,0.3378444734057053
NHS Hertfordshire and West Essex Integrated Care Board,E54000025,15.653353658536581,15.67835365853658,16.11140784192652,16.131043531954305,16.56918268479449,16.557454289732767,16.51914361619003,15.621951219512198,15.654878048780489,15.621951219512198,17.376282051282047,17.820292207792207,15.653353658536581,17.820292207792207,2.166938549255626,0.19699441356869327
NHS Humber and North Yorkshire Integrated Care Board,E54000051,17.460876623376624,17.500811688311686,17.431006493506494,18.330779480346436,18.35486342438374,17.91856814072004,17.818954463258258,17.847180667433832,18.241039307128577,19.001282051282047,19.73699543699544,20.596178803172307,17.460876623376624,20.596178803172307,3.1353021797956835,0.28502747089051667
NHS Kent and Medway Integrated Care Board,E54000032,17.049358974358977,18.04640802235739,17.976664474765734,17.56574675324675,17.53831168831169,18.00489067894131,17.52824675324675,17.03205128205128,16.932051282051276,17.458441558441557,19.148717948717948,18.754116059379218,17.049358974358977,18.754116059379218,1.7047570850202405,0.15497791682002185
NHS Lancashire and South Cumbria Integrated Care Board,E54000048,18.333940620782723,18.9051282051282,18.453508771929826,17.564918625678118,17.608079894788755,17.636306098964322,17.963524317121916,17.997601598934047,17.86548967355096,19.51210951210951,19.564812214812218,20.753424657534246,18.333940620782723,20.753424657534246,2.4194840367515233,0.21995309425013848
"NHS Leicester, Leicestershire and Rutland Integrated Care Board",E54000015,18.317488341105925,18.41302465023318,17.975020549071186,16.665716999050332,17.643181818181816,18.368154563624245,18.381445702864756,17.970394736842103,19.129487179487178,18.680379746835445,19.84154089154089,20.740987743330933,18.317488341105925,20.740987743330933,2.4234994022250085,0.22031812747500076
NHS Lincolnshire Integrated Care Board,E54000013,16.158704485075788,17.580681818181816,17.8754068716094,19.093589743589746,19.1525641025641,18.177881412391734,19.50880110880111,19.017948717948716,18.992307692307694,18.106429047301802,20.209135385162785,21.73427230046949,16.158704485075788,21.73427230046949,5.575567815393704,0.5068698013994276
NHS Mid and South Essex Integrated Care Board,E54000026,17.26987179487179,16.395608688857628,17.21666666666666,17.575811688311692,18.01325004109814,18.01325004109814,17.635551948051944,17.061858974358977,17.558116883116885,17.00865384615384,19.219230769230766,20.096296946296945,17.26987179487179,20.096296946296945,2.8264251514251555,0.2569477410386505
NHS Norfolk and Waveney Integrated Care Board,E54000022,16.8019943019943,17.23557692307692,16.318987341772143,16.82545109211776,17.11346153846153,18.08956929146802,18.898515519568157,17.975020549071186,18.418021319120587,18.675168690958166,18.77362869198312,20.450951787938084,16.8019943019943,20.450951787938084,3.648957485943786,0.33172340781307147
NHS North Central London Integrated Care Board,E54000028,18.616588940706194,16.872364672364668,17.390989257655924,18.170960052605622,17.74285714285714,19.143037974683544,19.44615384615384,18.481179213857427,16.740978157644825,18.890084388185652,19.92051282051282,22.427699530516435,18.616588940706194,22.427699530516435,3.811110589810241,0.3464645990736583
NHS North East London Integrated Care Board,E54000029,20.342848247642767,20.424639743817828,19.554573804573806,18.733755274261604,18.32328447701532,18.796835443037978,18.78691983122363,17.353571428571424,17.296266233766232,16.866241782908446,18.67700421940928,19.600346500346504,20.342848247642767,19.600346500346504,-0.742501747296263,-0.06750015884511482
NHS North East and North Cumbria Integrated Care Board,E54000050,19.94238975817923,19.970412517780936,20.02311522048364,19.59731484731485,19.627184977184978,19.624552474552473,20.464023071377074,19.872119487908964,19.822972972972977,20.562785388127853,21.852874000761332,22.34478764478765,19.94238975817923,22.34478764478765,2.4023978866084192,0.21839980787349267
NHS North West London Integrated Care Board,E54000027,18.10855263157895,17.737987012987006,17.752922077922072,18.663957361758825,18.57171885409727,18.262499999999996,19.969750519750516,18.91767881241565,18.04934210526315,17.967105263157897,17.432587782587774,20.082328482328478,18.10855263157895,20.082328482328478,1.9737758507495293,0.1794341682499572
NHS Northamptonshire Integrated Care Board,E54000059,17.072756410256403,17.498376623376625,15.506097560975604,16.66809116809116,16.66334283000949,14.602357578461998,17.573376623376625,16.25253164556961,16.628157644824306,19.484303534303535,19.42789327789328,20.638139870223505,17.072756410256403,20.638139870223505,3.5653834599671015,0.3241257690879183
NHS Nottingham and Nottinghamshire Integrated Care Board,E54000060,18.992307692307694,19.81167076167076,20.13719772403983,20.20557729941291,20.146539761608253,20.54837779379957,20.187084148727983,20.20557729941291,20.485219899062727,20.00144991994307,20.815935672514623,22.59247104247104,18.992307692307694,22.59247104247104,3.6001633501633457,0.3272875772875769
"NHS Shropshire, Telford and Wrekin Integrated Care Board",E54000011,18.299200532978016,18.813502109704643,18.31249167221852,16.71975308641975,17.93021535426599,18.74399460188933,18.72989203778677,18.346568954030648,18.381445702864756,17.453571428571426,19.579313929313926,21.22777777777778,18.299200532978016,21.22777777777778,2.928577244799765,0.26623429498179685
NHS Somerset Integrated Care Board,E54000038,14.80454410233527,16.45737615252383,16.03364197530864,15.564024390243908,16.065189873417722,16.447210501640875,17.675487012987006,17.246474358974353,17.263782051282043,18.558427714856766,18.93333333333333,19.356410256410257,14.80454410233527,19.356410256410257,4.551866154074986,0.41380601400681694
NHS South East London Integrated Care Board,E54000030,17.578246753246745,18.378947368421052,18.039473684210527,17.543181818181818,17.635551948051944,18.051973684210527,18.026973684210528,17.573051948051944,17.595616883116882,17.091277857944526,18.823417721518986,19.744594594594602,17.578246753246745,19.744594594594602,2.166347841347857,0.1969407128498052
NHS South West London Integrated Care Board,E54000031,16.869990503323834,16.526516572858036,16.01605433775857,16.480832942647282,16.987416904083567,16.1529947514665,15.288704819277108,14.807518964747878,15.631402439024392,14.81845238095238,16.579799874921832,16.64718574108818,16.869990503323834,16.64718574108818,-0.22280476223565415,-0.020254978385059467
NHS South Yorkshire Integrated Care Board,E54000061,21.618768768768778,21.31111111111111,20.353496755587607,20.406272530641672,19.581519831519827,20.52490987743331,20.437851478010092,19.459406809406815,21.125,21.37253521126761,22.59569471624266,23.552415458937205,21.618768768768778,23.552415458937205,1.9336466901684268,0.17578606274258426
NHS Staffordshire and Stoke-on-Trent Integrated Care Board,E54000010,18.167088607594934,18.20696202531645,17.787440407693566,17.333766233766227,17.749210915666612,17.787440407693566,18.55391363022942,18.935897435897438,18.09313790806129,19.28711018711018,19.45609840609841,20.3286159046433,18.167088607594934,20.3286159046433,2.161527297048366,0.19650248154985145
NHS Suffolk and North East Essex Integrated Care Board,E54000023,16.40733708391935,16.458938896702605,16.430793874042813,16.808974358974353,17.23237179487179,17.313782051282047,17.218269230769224,16.335403969370212,17.27307692307692,18.00324675324675,18.41302465023318,20.14899964899965,16.40733708391935,20.14899964899965,3.741662565080297,0.340151142280027
NHS Surrey Heartlands Integrated Care Board,E54000063,14.113763066202097,15.00375576379593,14.093263646922182,15.02423769150677,14.568783068783063,13.782501434308664,14.990539937527885,15.057935445485647,14.127642276422769,16.15762581043532,17.07203228869895,17.489102564102566,14.113763066202097,17.489102564102566,3.3753394979004696,0.30684904526367907
NHS Sussex Integrated Care Board,E54000064,15.985185185185173,16.5003750586029,16.82215189873417,17.23237179487179,17.20416666666666,17.249679487179485,17.258974358974356,17.70535714285714,17.64803635183382,18.473684210526315,18.85452091767881,20.199929799929805,15.985185185185173,20.199929799929805,4.214744614744632,0.38315860134042107
NHS West Yorkshire Integrated Care Board,E54000054,18.84102564102564,19.267316017316013,18.9474358974359,18.84102564102564,18.833333333333332,18.87435897435897,18.95,18.376248313090418,18.653846153846157,19.132224532224534,20.356200432588324,21.150000000000006,18.84102564102564,21.150000000000006,2.308974358974364,0.20990675990676036
Newcastle upon Tyne,E08000021,20.860730593607304,20.374693583273256,19.972190611664292,19.822972972972977,20.28493150684932,20.356200432588324,20.060487457747733,18.664102564102567,17.541624198586224,19.149567099567097,20.256056236481616,19.16735966735967,20.860730593607304,19.16735966735967,-1.6933709262476349,-0.1539428114770577
Newham,E09000025,21.015204678362576,20.60826118326118,18.557172995780586,17.803947368421053,17.79407894736842,18.50717299578059,20.305861946272906,17.221266233766233,16.252564102564094,15.808630393996246,18.58059071729958,18.863502109704644,21.015204678362576,18.863502109704644,-2.1517025686579316,-0.19560932442344833
Norfolk,E10000020,16.77616334283001,17.23557692307692,16.318987341772143,16.86301044634377,17.65292207792207,18.076278152227516,18.868623481781377,17.946794344895608,18.388940706195875,19.226923076923075,19.297435897435893,20.45450987368796,16.77616334283001,20.45450987368796,3.678346530857951,0.3343951391689046
North East,E12000001,20.341441441441443,20.408976207642397,19.90547652916074,19.989758179231856,20.02133712660028,19.970412517780936,20.90950292397661,20.3246214852199,20.27454938716655,21.51711711711712,21.738903692424817,22.733953033268104,20.341441441441443,22.733953033268104,2.3925115918266613,0.21750105380242377
North East (Combined Authority),E47000014,20.827397260273973,20.321917808219183,20.408976207642397,20.02311522048364,19.592049842049846,20.019559032716927,20.41395097332372,20.3246214852199,19.889687055476536,20.616438356164384,21.928854206319,22.479343629343635,20.827397260273973,22.479343629343635,1.6519463690696625,0.1501769426426966
North East Lincolnshire,E06000012,17.564918625678118,18.87435897435897,20.47754145638068,20.498738284066327,19.594682344682347,19.59994734994735,21.172222222222224,22.960861056751476,23.136688505062537,22.975471510819936,24.543514820264875,24.088773819386912,17.564918625678118,24.088773819386912,6.523855193708794,0.5930777448826177
North Lincolnshire,E06000013,17.23133116883117,18.074050632911387,18.098134576948695,19.81693576693577,19.794103194103194,21.012557077625573,21.80382882882883,23.09618395303327,22.77760617760618,20.261056751467713,19.842400842400842,20.85730994152047,17.23133116883117,20.85730994152047,3.625978772689301,0.3296344338808455
North Northamptonshire,E06000061,16.222034692920765,17.84553674173927,16.23688857634005,18.209460359760154,17.33896103896104,15.84850262426675,18.14380413057961,17.02622254288921,18.20696202531645,20.061190179683333,20.083241416118124,22.218500190331177,16.222034692920765,22.218500190331177,5.996465497410412,0.5451332270373102
North Somerset,E06000024,16.419065478981082,15.62987804878049,16.019598765432093,15.598475609756093,16.00336523618401,16.360423503672443,16.095801173201608,16.971082621082616,16.10632716049382,15.68628048780488,16.90517568850902,20.311512811512813,16.419065478981082,20.311512811512813,3.892447332531731,0.3538588484119755
North Tyneside,E08000022,20.951369863013696,19.632449982449984,19.24264069264069,19.30584415584415,18.40782726045884,18.87435897435897,19.63159003159003,20.038904694167854,20.042460881934563,20.723744292237445,21.08333333333334,22.41891891891892,20.951369863013696,22.41891891891892,1.4675490559052236,0.1334135505368385
North West,E12000002,18.826923076923077,18.779487179487177,18.31815114709851,18.84102564102564,18.421929824561403,18.055762824783475,18.00839440373085,17.99510326449034,17.849700199866753,19.09338184338185,20.408976207642397,21.22777777777778,18.826923076923077,21.22777777777778,2.4008547008547048,0.21825951825951861
North Yorkshire,E06000065,15.526524390243907,14.740123456790123,14.80603153354157,16.089456622414325,16.060558814448903,15.645426829268288,16.422190967338643,14.785549605830724,15.631402439024392,15.617378048780488,18.12779878349498,17.285576923076924,15.526524390243907,17.285576923076924,1.7590525328330173,0.1599138666211834
Northumberland,E06000057,17.767433831990797,17.747566989972047,16.121956555711826,17.049358974358977,16.208743553680257,17.789084333388132,19.107692307692304,18.571390013495275,18.57307692307692,19.48051948051948,19.8547034047034,21.089327485380114,17.767433831990797,21.089327485380114,3.321893653389317,0.30199033212630155
Nottingham,E06000018,19.38209898209898,20.525584795321635,21.817738865626197,22.60791226008618,22.919992058765146,22.60791226008618,23.091760968830656,21.231690140845068,21.19835680751174,21.925675675675677,21.704761904761902,23.29395648670427,19.38209898209898,23.29395648670427,3.9118575046052904,0.35562340950957183
Nottinghamshire,E10000024,18.657692307692308,19.017948717948716,19.410389610389608,19.046153846153842,19.041025641025637,19.903913653913648,19.04358974358974,19.505336105336106,20.25749866571784,19.343520443520436,21.08201754385965,22.335325466311385,18.657692307692308,22.335325466311385,3.677633158619077,0.3343302871471888
Oldham,E08000004,20.25064888248017,20.07653208363374,20.116222062004326,20.14780100937275,20.150504686373466,20.321917808219183,20.64707602339182,21.342957746478874,20.741666666666667,19.939401586157175,20.89722222222222,22.524657534246586,20.25064888248017,22.524657534246586,2.2740086517664153,0.2067280592514923
Oxfordshire,E10000025,15.643902439024394,14.000290360046456,13.25092133238838,14.956842183549014,14.202380952380956,13.742254733218594,15.079904804402801,14.16283391405343,14.487290625918313,15.429668674698789,15.409186746987949,17.567307692307686,15.643902439024394,17.567307692307686,1.923405253283292,0.17485502302575381
Peterborough,E06000031,20.119524995552396,19.77213057213057,18.53812415654521,17.234090909090906,18.87435897435897,19.72732537732537,19.77213057213057,21.461111111111116,22.536040902951957,21.984411876665398,23.799346405228757,22.48918918918919,20.119524995552396,22.48918918918919,2.369664193636794,0.2154240176033449
Plymouth,E06000026,20.904678362573105,20.987280701754383,21.41111111111111,20.97922374429224,20.588067772170152,19.83187083187083,19.33288288288288,18.230246502331777,19.254112554112552,21.763849765258218,23.64697824335213,26.36703296703297,20.904678362573105,26.36703296703297,5.462354604459865,0.49657769131453317
Portsmouth,E06000044,16.89134615384615,18.10562958027981,18.442780026990548,18.871794871794865,18.852564102564102,17.637950024658892,18.464237516869098,18.06905396402398,18.023384410393064,19.26583506583506,22.004834411876672,22.068956985154177,16.89134615384615,22.068956985154177,5.1776108313080265,0.47069189375527515
Reading,E06000038,13.659059233449476,14.624497991967871,15.496646341463418,15.080572289156628,14.97936746987952,15.496646341463418,15.43262195121951,16.243928738865442,15.683487654320984,15.643995060203764,16.614197530864196,18.64865047233468,13.659059233449476,18.64865047233468,4.989591238885204,0.45359920353501854
Redbridge,E09000026,20.684949297278067,19.804469854469854,19.38205128205128,19.465384615384615,18.537641572285146,17.408032708032707,19.616666666666667,18.159312839059673,17.623051948051938,17.177681577681568,18.036184210526315,20.075398475398472,20.684949297278067,20.075398475398472,-0.6095508218795942,-0.05541371107996311
Redcar and Cleveland,E06000003,20.392342342342342,20.103840682788054,20.374693583273256,20.823744292237443,20.340410958904112,19.57448227448228,20.376964671953854,21.400450450450453,22.15460158209531,22.492801251956184,23.4163043478261,24.461824679419806,20.392342342342342,24.461824679419806,4.0694823370774635,0.36995293973431487
Richmond upon Thames,E09000027,14.642063492063492,14.691887125220454,13.42707299787385,13.460630758327426,13.446137491141037,12.636212624584722,12.700110741971208,12.617331118493915,15.21023352669939,14.710934744268073,14.852380952380955,14.84506172839506,14.642063492063492,14.84506172839506,0.20299823633156677,0.018454385121051523
Rochdale,E08000005,20.150504686373466,21.041666666666664,20.52214611872146,20.822222222222223,20.98611111111111,19.299526149526145,20.232155731795245,20.132011535688537,20.340935672514625,20.755555555555553,23.960024855012428,24.876332622601282,20.150504686373466,24.876332622601282,4.725827936227816,0.429620721475256
Rotherham,E08000018,21.09166666666667,21.21666666666667,20.332299927901946,22.060392082223068,20.733333333333338,21.205555555555552,21.058333333333334,21.019444444444442,22.142084942084946,22.109073359073363,23.378743961352665,24.319635459817732,21.09166666666667,24.319635459817732,3.2279687931510637,0.2934517084682785
Rutland,E06000017,15.0374535177748,14.611287477954143,12.470487264673316,14.251451800232296,13.865853658536587,14.760758377425049,14.669135802469135,11.763488843813384,11.773664638269103,10.787156448202964,13.73608321377332,18.87081945369753,15.0374535177748,18.87081945369753,3.8333659359227283,0.3484878123566117
Salford,E08000006,20.79166666666667,22.54315068493151,20.43881278538813,20.975,20.994444444444447,20.538812785388128,19.341698841698843,20.142393655371308,19.662906956057643,20.73333333333333,21.630643319375714,20.85,20.79166666666667,20.85,0.05833333333333002,0.0053030303030300015
Sandwell,E08000028,21.041666666666664,21.417136150234747,21.00555555555556,21.48591549295775,21.400450450450453,20.913888888888884,20.287635183850036,16.892045454545453,18.920928620928624,19.59960861056751,23.157816277195806,26.90269151138716,21.041666666666664,26.90269151138716,5.861024844720497,0.532820440429136
Sefton,E08000014,17.624658885418384,18.92179487179487,17.581497616307743,18.9051282051282,18.615384615384613,16.98044871794871,16.578869895536563,15.641679530719358,16.351139601139593,17.892071952031976,19.187445887445886,20.836757990867582,17.624658885418384,20.836757990867582,3.212099105449198,0.2920090095862907
Sheffield,E08000039,20.960730593607305,20.18634423897582,20.49062725306417,21.0310502283105,19.856475956475954,19.34372294372294,18.992307692307694,17.351136363636364,18.944871794871787,20.941081871345034,22.072249714503236,22.915068493150685,20.960730593607305,22.915068493150685,1.954337899543379,0.17766708177667082
Shropshire,E06000051,16.82545109211776,16.7690408357075,17.230769230769226,15.55792682926829,17.258974358974356,18.468687541638907,18.096284727930293,17.287179487179486,15.939225069465884,15.111295180722891,17.266193682860347,19.846777546777542,16.82545109211776,19.846777546777542,3.021326454659782,0.27466604133270744
Slough,E06000039,20.567303532804612,20.601586157173752,20.177667140825037,19.739627939627933,19.669357669357666,20.107396870554766,21.010730593607306,19.6517901017901,21.10277777777778,20.689619883040937,20.327325162220625,19.27597402597402,20.567303532804612,19.27597402597402,-1.2913295068305928,-0.1173935915300539
Solihull,E08000029,16.853656220322883,16.488868042526583,16.5207063603688,16.45737615252383,17.249679487179485,17.787662337662333,16.495686826066574,15.5625,16.038607594936707,16.670465337132,18.93670886075949,18.88333333333333,16.853656220322883,18.88333333333333,2.0296771130104467,0.18451610118276787
Somerset,E06000066,14.80454410233527,16.45737615252383,16.03364197530864,15.564024390243908,16.065189873417722,16.447210501640875,17.675487012987006,17.246474358974353,17.263782051282043,18.558427714856766,18.93333333333333,19.356410256410257,14.80454410233527,19.356410256410257,4.551866154074986,0.41380601400681694
South East,E12000008,16.020370370370365,15.575000000000003,15.587499999999999,16.098116702686013,16.07384995368941,16.057098765432094,16.482395686826067,16.507415221128298,16.413588060634474,17.230769230769226,18.058055235903332,19.037246963562744,16.020370370370365,19.037246963562744,3.0168765931923787,0.2742615084720344
South Gloucestershire,E06000025,15.756707317073172,15.791158536585371,16.522269104547583,16.559017033911545,16.12006792219821,15.675304878048777,16.13507255325718,16.627824660103137,16.670823566182207,18.246710526315788,20.005128205128205,18.6381745502998,15.756707317073172,18.6381745502998,2.88146723322663,0.26195156665696634
South Tyneside,E08000023,21.002777777777776,21.080555555555556,21.966844309097834,21.1,20.408976207642397,20.29033886085076,20.736988304093565,20.86944444444444,19.37242892242892,20.353652968036535,21.54895317853064,22.87245384157237,21.002777777777776,22.87245384157237,1.8696760637945928,0.1699705512540539
South West,E12000009,16.865384615384606,16.86301044634377,16.335403969370212,16.856030389363717,16.355735271136112,16.35729801531489,16.898195631528957,16.87948717948717,17.357692307692304,17.675487012987006,18.856751054852314,19.762162162162163,16.865384615384606,19.762162162162163,2.8967775467775567,0.26334341334341427
South Yorkshire,E47000002,21.618768768768778,21.31111111111111,20.353496755587607,20.406272530641672,19.581519831519827,20.52490987743331,20.437851478010092,19.459406809406815,21.125,21.37253521126761,22.59569471624266,23.552415458937205,21.618768768768778,23.552415458937205,1.9336466901684268,0.17578606274258426
Southampton,E06000045,18.426990553306343,17.697690284399144,17.712625349334207,18.216955363091273,18.082345103264487,18.562348178137654,17.706049646555975,17.706049646555975,16.80064102564102,17.955229846768823,20.374693583273256,22.16821469356681,18.426990553306343,22.16821469356681,3.741224140260467,0.3401112854782243
Southend-on-Sea,E06000033,17.913636363636364,17.021153846153847,17.381006493506494,18.630590717299576,18.91666666666666,18.47834008097166,18.227748167888073,17.639593950353444,18.455195681511473,17.624658885418384,18.037475016655563,19.431358281358275,17.913636363636364,19.431358281358275,1.5177219177219108,0.137974719792901
Southwark,E09000028,20.279549902152638,19.938865472427118,19.892167193537055,18.20616255829447,17.08706108706108,17.989473684210527,17.955263157894734,19.078205128205123,18.198667554963357,16.949438832772163,20.706890331890335,18.77025316455697,20.279549902152638,18.77025316455697,-1.509296737595669,-0.137208794326879
St. Helens,E08000013,17.95273151232512,18.793589743589738,19.096103896103898,19.835206258890466,20.98611111111111,20.659132420091325,21.14166666666667,17.789040639573614,18.469230769230762,20.836111111111116,21.736048724781124,23.410265700483095,17.95273151232512,23.410265700483095,5.457534188157975,0.49613947165072503
Staffordshire,E10000028,17.45600649350649,17.478571428571424,17.083653846153847,16.71975308641975,17.060256410256404,16.255657133927173,17.98666776261713,17.83388952819333,17.42613636363636,19.07692307692308,17.859868421052624,18.790084388185647,17.45600649350649,18.790084388185647,1.334077894679158,0.12127980860719619
Stockport,E08000007,15.526524390243907,15.537500000000001,16.348695108610713,16.258782622284727,17.96008548413612,17.23237179487179,17.608116883116878,17.48831168831169,16.72687559354226,16.248616971401773,18.706747638326586,18.678542510121456,15.526524390243907,18.678542510121456,3.1520181198775497,0.28654710180704995
Stockton-on-Tees,E06000004,18.47267206477732,18.49750337381916,18.377935222672058,19.159307359307356,20.873744292237447,20.30072098053353,22.450193050193054,20.02133712660028,21.62064564564565,22.21201041867645,23.17896825396826,24.875078831196134,18.47267206477732,24.875078831196134,6.402406766418814,0.5820369787653467
Stoke-on-Trent,E06000021,20.09772891131939,19.759633517167764,19.684958192492445,20.880555555555556,20.018781542898342,22.040540540540547,21.54609821088695,21.798572255450516,19.376988080412733,20.15380116959065,22.22804543674109,25.033119931711486,20.09772891131939,25.033119931711486,4.935391020392096,0.448671910944736
Suffolk,E10000029,16.507415221128298,16.447210501640875,16.507415221128298,16.874738841405502,17.27147435897436,17.393589743589736,17.745292207792204,16.872151898734167,17.27307692307692,18.930094466936573,18.455396402398407,20.684949297278067,16.507415221128298,20.684949297278067,4.177534076149769,0.37977582510452446
Sunderland,E08000024,21.273723723723727,21.322672672672667,20.52397260273973,21.047222222222224,20.594292237442925,21.8704415683289,22.67040736388563,22.855952380952388,22.407827788649712,22.00279760756319,23.18429951690822,23.077238435576742,21.273723723723727,23.077238435576742,1.8035147118530155,0.16395588289572868
Surrey,E10000030,14.124738675958191,15.00375576379593,14.102787456445997,15.034478655362193,14.578306878306876,13.782501434308664,14.990539937527885,15.057935445485647,14.137166085946575,16.168601420191422,17.08376068376068,17.501602564102562,14.124738675958191,17.501602564102562,3.3768638881443707,0.3069876261949428
Sutton,E09000029,18.139473684210525,17.268302068302063,16.8511396011396,15.545426829268294,15.230722891566266,16.10214572398889,15.230722891566266,13.971718931475031,15.954831738190798,13.942919389978208,14.824999999999996,14.56216931216931,18.139473684210525,14.56216931216931,-3.5773043720412154,-0.3252094883673832
Swindon,E06000030,18.209460359760154,17.842248890350152,17.916924215025478,18.043120170968265,17.468506493506496,18.01325004109814,18.378947368421052,19.16282051282051,17.978308400460296,16.607075023741693,19.66368676368677,20.539859455612884,18.209460359760154,20.539859455612884,2.33039909585273,0.2118544632593391
Tameside,E08000008,20.769444444444446,20.858333333333338,21.305105105105106,21.002777777777773,21.41426426426427,20.160886806056233,19.469076869076872,19.229255879255874,20.419883040935673,20.786111111111115,22.325048923679066,23.313043478260873,20.769444444444446,23.313043478260873,2.5435990338164274,0.2312362758014934
Tees Valley,E47000006,19.496491228070177,19.594682344682347,19.482239382239378,19.9072546230441,20.308832011535692,19.8545519203414,20.64342105263158,19.772048364153626,21.402327327327328,22.078699594829256,23.413285024154597,24.70328988858524,19.496491228070177,24.70328988858524,5.206798660515062,0.47334533277409657
Telford and Wrekin,E06000020,21.308333333333337,21.797183098591553,20.36658255227109,18.975641025641025,19.220779220779228,19.310389610389613,20.60656092285508,20.890410958904113,21.74718309859155,21.639671361502348,23.736059629331184,24.66828358208955,21.308333333333337,24.66828358208955,3.3599502487562134,0.30545002261420123
Thurrock,E06000034,16.618803418803424,17.005448717948717,17.373701298701295,18.101432378414394,18.992307692307694,19.37705627705628,19.05128205128205,18.924358974358974,17.986808794137243,17.1538961038961,20.913157894736845,22.28809523809524,16.618803418803424,22.28809523809524,5.669291819291818,0.5153901653901652
Torbay,E06000027,17.815666611869144,18.19616922051965,18.680229419703103,19.04230769230769,18.214457028647566,18.214457028647566,17.41120129870129,17.406006493506496,16.933653846153845,17.741447368421053,18.237499999999997,19.547401247401243,17.815666611869144,19.547401247401243,1.7317346355320993,0.15743042141200903
Tower Hamlets,E09000030,23.263529878896165,22.01428571428572,21.48755868544601,20.24794520547946,19.978695961572676,21.251816160118608,18.119720186542306,17.579853690613184,16.240693257359922,15.475841309045997,20.47215007215007,21.484877687175683,23.263529878896165,21.484877687175683,-1.7786521917204823,-0.16169565379277112
Trafford,E08000009,16.77378917378917,16.33227848101265,17.219871794871793,16.395608688857628,16.422190967338643,15.643902439024394,16.430793874042813,14.726907630522085,15.868740351960483,17.595616883116882,17.154166666666665,17.16987179487179,16.77378917378917,17.16987179487179,0.3960826210826198,0.036007511007510894
Wakefield,E08000036,19.60961740961741,20.422062004325888,21.23888888888889,22.060392082223068,22.496911196911196,21.601201201201206,21.150000000000006,21.445070422535217,20.564473684210526,21.35586854460094,23.365338164251213,25.42900432900433,19.60961740961741,25.42900432900433,5.819386919386918,0.5290351744897198
Walsall,E08000030,20.943567251461992,20.826900584795325,21.119444444444444,20.716374269005847,22.010544347164064,21.94642177388657,21.294444444444444,21.18888888888889,19.1463270963271,21.49131455399061,23.357856567284447,24.47255389718076,20.943567251461992,24.47255389718076,3.528986645718767,0.3208169677926152
Waltham Forest,E09000031,19.989118989118992,19.52983367983368,20.290926881337846,17.115064102564098,17.24594356261023,18.4661892071952,17.29927048260381,15.518597560975607,14.966867469879517,17.778289473684207,16.677445394112063,17.18620330286997,19.989118989118992,17.18620330286997,-2.8029156862490225,-0.25481051693172935
Wandsworth,E09000032,14.995331325301201,14.34453262786596,15.1875,16.42062822315986,14.396560846560845,13.538091822094692,14.396560846560845,13.892624854819985,14.329894179894175,13.542395982783361,16.058243284964497,19.11308016877637,14.995331325301201,19.11308016877637,4.1177488434751695,0.37434080395228814
Warrington,E06000007,17.647953312510275,16.91153846153846,15.221341463414632,16.092248788873256,16.108665416471325,16.13212220659478,15.734115467736956,16.142287857477726,15.661315220747149,17.306331168831168,16.51785375118708,17.70769357225053,17.647953312510275,17.70769357225053,0.05974025974025565,0.005430932703659605
Warwickshire,E10000031,15.169277108433732,14.737148594377508,13.877293844367017,15.584451219512196,15.482621951219514,15.954831738190798,16.827825261158587,17.129166666666663,16.733855650522315,18.26512325116589,19.614449064449065,18.896624472573837,15.169277108433732,18.896624472573837,3.7273473641401047,0.33884976037637315
West Berkshire,E06000037,13.174663359319638,13.202551381998589,13.278809355067331,13.22902197023388,14.159930313588852,13.75106138841079,15.08865833705191,13.316938341601706,13.294720056697379,15.381927710843378,14.868964747880412,17.026107594936704,13.174663359319638,17.026107594936704,3.851444235617066,0.350131294147006
West Midlands,E12000005,18.18537641572285,18.15129913391072,18.214457028647566,18.259327115256497,18.190373084610258,18.127215189873418,19.117948717948714,18.602968960863695,18.09563624250499,18.805128205128202,20.10173456680306,21.094152046783634,18.18537641572285,21.094152046783634,2.9087756310607844,0.2644341482782531
West Midlands (Combined Authority),E47000007,19.627184977184978,19.99363102650774,20.07116171499733,19.577114777114783,20.058250355618775,20.577685652487382,19.624552474552473,18.753846153846155,19.153257103257104,19.930332681017614,21.446713615023477,22.04285714285715,19.627184977184978,22.04285714285715,2.4156721656721736,0.21960656051565214
West Northamptonshire,E06000062,17.431006493506494,17.083653846153847,14.721128960285583,15.5344512195122,15.912642790984876,14.330599647266311,15.912642790984876,15.462499999999999,15.5,18.275916055962686,18.743670886075954,20.074324324324323,17.431006493506494,20.074324324324323,2.6433178308178285,0.24030162098343896
West Sussex,E10000032,14.798765432098769,14.864673508850217,16.021141975308637,16.95698005698005,16.914672364672356,16.924525316455693,16.607493358337237,17.800162337662336,17.251282051282047,17.800162337662336,18.17260397830018,19.082928475033732,14.798765432098769,19.082928475033732,4.2841630429349635,0.38946936753954214
West Yorkshire,E47000003,18.796153846153846,19.769498069498066,18.885897435897434,18.810256410256407,18.771794871794867,18.84358974358974,18.91923076923077,18.871794871794865,19.153257103257104,19.068884268884265,20.303424657534247,21.66760563380283,18.796153846153846,21.66760563380283,2.871451787648983,0.261041071604453
West of England,E47000009,16.34556962025316,15.94154059895029,17.1025641025641,18.031472957422324,17.595616883116882,17.637987012987004,17.269400352733683,17.635551948051944,17.20897435897436,18.04276315789474,19.790367290367286,19.247435897435896,16.34556962025316,19.247435897435896,2.9018662771827373,0.26380602519843066
Westminster,E09000033,20.033090783090778,17.932467532467527,18.382236842105264,17.87483766233766,17.069658119658122,18.65396402398401,19.616666666666667,23.703816046966736,19.821212121212124,20.23754829645241,20.889076676747912,24.061711711711716,20.033090783090778,24.061711711711716,4.0286209286209385,0.3662382662382671
Westmorland and Furness,E06000064,17.14166666666666,17.16987179487179,16.401859665572744,15.50457317073171,16.447210501640875,16.031327160493824,16.43235661822159,16.360423503672443,17.555681818181817,17.500811688311686,18.018181818181816,17.965017261219792,17.14166666666666,17.965017261219792,0.8233505945531334,0.07485005405028486
Wigan,E08000010,18.608974358974354,19.52704457704457,19.11103896103896,18.27078272604588,18.27078272604588,18.734615384615385,18.71538461538461,19.426904176904173,17.730879413724182,18.58974358974359,21.025000000000002,24.115410107705053,18.608974358974354,24.115410107705053,5.5064357487306985,0.5005850680664271
Wiltshire,E06000054,14.82502603004611,15.68780487804878,16.497249570245344,16.507415221128298,14.835266993901534,15.711280487804878,16.230426057425134,15.737804878048777,17.4375,17.852597402597397,17.765422077922075,19.61410256410256,14.82502603004611,19.61410256410256,4.7890765340564485,0.4353705940051317
Windsor and Maidenhead,E06000040,12.413510520487272,12.431173864894795,12.455592469545962,12.530232558139538,12.406589147286823,12.829691876750708,13.382955350815024,12.874509803921569,12.822969187675072,13.268568391211907,14.993514799940506,15.467449563384527,12.413510520487272,15.467449563384527,3.0539390428972553,0.27763082208156864
Wirral,E08000015,19.25757575757576,19.612249912249915,18.81538461538461,19.109307359307355,19.64212004212004,17.6645323031399,18.124716855429703,17.12922077922078,17.910359760159892,19.514742014742012,20.753424657534246,20.44596250901226,19.25757575757576,20.44596250901226,1.1883867514365,0.1080351592215
Wokingham,E06000041,12.507198228128459,12.48815060908084,12.930952380952384,12.444684385382061,12.48139534883721,12.144254445964435,12.577851605758582,12.584606866002218,12.17681258549932,12.581838316722042,13.888697647733792,15.60292080698585,12.507198228128459,15.60292080698585,3.0957225788573908,0.2814293253506719
Wolverhampton,E08000031,21.027777777777782,21.52840375586855,21.885154168252768,21.791606395127523,20.95555555555556,21.077777777777783,21.152777777777786,20.24297043979813,21.25586854460094,21.322535211267606,21.750000000000007,20.23600288600289,21.027777777777782,20.23600288600289,-0.7917748917748924,-0.0719795356158993
Worcestershire,E10000034,15.088554216867465,14.31375661375661,14.694697307749514,14.750364420645539,14.699159601368436,15.632926829268293,15.979098487187407,16.383880293795897,15.82655140475456,18.426315789473684,17.951315789473686,18.929957805907176,15.088554216867465,18.929957805907176,3.841403589039711,0.34921850809451915
York,E06000014,16.675213675213673,16.419065478981082,16.419065478981082,16.45737615252383,17.18846153846153,16.372151898734167,16.458938896702605,16.333841225191435,15.930564989194195,17.523376623376624,19.193589743589747,20.954794520547946,16.675213675213673,20.954794520547946,4.279580845334273,0.38905280412129756
York and North Yorkshire,E47000012,16.447210501640875,15.667378048780485,15.22725903614458,16.065189873417722,16.467541803406775,15.573475609756095,16.433919362400367,15.69237804878049,15.584451219512196,15.99873417721519,18.563424383744167,18.08628144007891,16.447210501640875,18.08628144007891,1.639070938438035,0.14900644894891227
Yorkshire and The Humber,E12000003,18.871794871794865,18.885897435897434,18.961538461538456,19.393722943722942,18.95641025641025,18.980769230769234,18.9474358974359,18.42024291497976,19.751930501930502,20.09035758761786,21.330555555555556,22.19192995812715,18.871794871794865,22.19192995812715,3.320135086332286,0.30183046239384415
